Commodity,State,Units,Year,Value
Beef and veal,Alabama,Million dollars,2000,38.825
Beef and veal,Alabama,Million dollars,2001,30.4698
Beef and veal,Alabama,Million dollars,2002,25.7166
Beef and veal,Alabama,Million dollars,2003,36.2161
Beef and veal,Alabama,Million dollars,2004,7.9925
Beef and veal,Alabama,Million dollars,2005,12.9345
Beef and veal,Alabama,Million dollars,2006,16.8404
Beef and veal,Alabama,Million dollars,2007,21.4493
Beef and veal,Alabama,Million dollars,2008,21.9068
Beef and veal,Alabama,Million dollars,2009,21.1941
Beef and veal,Alabama,Million dollars,2010,30.8463
Beef and veal,Alabama,Million dollars,2011,34.4093
Beef and veal,Alabama,Million dollars,2012,42.0901
Beef and veal,Alabama,Million dollars,2013,42.7548
Beef and veal,Alabama,Million dollars,2014,58.8217
Beef and veal,Alabama,Million dollars,2015,45.0307
Beef and veal,Alabama,Million dollars,2016,41.8518
Beef and veal,Alabama,Million dollars,2017,55.0694
Beef and veal,Alabama,Million dollars,2018,66.7396
Beef and veal,Alabama,Million dollars,2019,48.452
Beef and veal,Alabama,Million dollars,2020,47.0394
Beef and veal,Alabama,Million dollars,2022,68.0433
Beef and veal,Alabama,Million dollars,2023,67.3002
Beef and veal,Alabama,Million dollars,2021,64.7016
Beef and veal,Alaska,Million dollars,2000,0.1337
Beef and veal,Alaska,Million dollars,2001,0.1114
Beef and veal,Alaska,Million dollars,2002,0.174
Beef and veal,Alaska,Million dollars,2003,0.0787
Beef and veal,Alaska,Million dollars,2004,0.0241
Beef and veal,Alaska,Million dollars,2005,0.0568
Beef and veal,Alaska,Million dollars,2006,0.1071
Beef and veal,Alaska,Million dollars,2007,0.104
Beef and veal,Alaska,Million dollars,2008,0.1239
Beef and veal,Alaska,Million dollars,2009,0.1249
Beef and veal,Alaska,Million dollars,2010,0.1926
Beef and veal,Alaska,Million dollars,2011,0.2337
Beef and veal,Alaska,Million dollars,2012,0.2744
Beef and veal,Alaska,Million dollars,2013,0.1469
Beef and veal,Alaska,Million dollars,2014,0.1821
Beef and veal,Alaska,Million dollars,2015,0.156
Beef and veal,Alaska,Million dollars,2016,0.1949
Beef and veal,Alaska,Million dollars,2017,0.1899
Beef and veal,Alaska,Million dollars,2018,0.4448
Beef and veal,Alaska,Million dollars,2019,0.4186
Beef and veal,Alaska,Million dollars,2020,0.5282
Beef and veal,Alaska,Million dollars,2022,0.6365
Beef and veal,Alaska,Million dollars,2023,0.4795
Beef and veal,Alaska,Million dollars,2021,0.4196
Beef and veal,Arizona,Million dollars,2000,54.0405
Beef and veal,Arizona,Million dollars,2001,57.3896
Beef and veal,Arizona,Million dollars,2002,53.0271
Beef and veal,Arizona,Million dollars,2003,61.0248
Beef and veal,Arizona,Million dollars,2004,12.4203
Beef and veal,Arizona,Million dollars,2005,21.6833
Beef and veal,Arizona,Million dollars,2006,30.8258
Beef and veal,Arizona,Million dollars,2007,36.8628
Beef and veal,Arizona,Million dollars,2008,42.0389
Beef and veal,Arizona,Million dollars,2009,42.2957
Beef and veal,Arizona,Million dollars,2010,50.833
Beef and veal,Arizona,Million dollars,2011,71.3143
Beef and veal,Arizona,Million dollars,2012,73.6816
Beef and veal,Arizona,Million dollars,2013,77.9403
Beef and veal,Arizona,Million dollars,2014,102.3594
Beef and veal,Arizona,Million dollars,2015,73.1842
Beef and veal,Arizona,Million dollars,2016,67.6415
Beef and veal,Arizona,Million dollars,2017,88.3073
Beef and veal,Arizona,Million dollars,2018,106.8161
Beef and veal,Arizona,Million dollars,2019,94.2293
Beef and veal,Arizona,Million dollars,2020,79.6344
Beef and veal,Arizona,Million dollars,2022,116.9893
Beef and veal,Arizona,Million dollars,2023,124.3518
Beef and veal,Arizona,Million dollars,2021,109.0148
Beef and veal,Arkansas,Million dollars,2000,41.1624
Beef and veal,Arkansas,Million dollars,2001,36.3028
Beef and veal,Arkansas,Million dollars,2002,34.4209
Beef and veal,Arkansas,Million dollars,2003,38.1779
Beef and veal,Arkansas,Million dollars,2004,9.7535
Beef and veal,Arkansas,Million dollars,2005,18.0832
Beef and veal,Arkansas,Million dollars,2006,21.8593
Beef and veal,Arkansas,Million dollars,2007,27.3558
Beef and veal,Arkansas,Million dollars,2008,32.7471
Beef and veal,Arkansas,Million dollars,2009,30.4329
Beef and veal,Arkansas,Million dollars,2010,48.7578
Beef and veal,Arkansas,Million dollars,2011,53.1699
Beef and veal,Arkansas,Million dollars,2012,53.1367
Beef and veal,Arkansas,Million dollars,2013,49.7192
Beef and veal,Arkansas,Million dollars,2014,68.136
Beef and veal,Arkansas,Million dollars,2015,56.4216
Beef and veal,Arkansas,Million dollars,2016,48.8388
Beef and veal,Arkansas,Million dollars,2017,58.5988
Beef and veal,Arkansas,Million dollars,2018,60.2218
Beef and veal,Arkansas,Million dollars,2019,55.274
Beef and veal,Arkansas,Million dollars,2020,51.8671
Beef and veal,Arkansas,Million dollars,2022,81.6301
Beef and veal,Arkansas,Million dollars,2023,74.3268
Beef and veal,Arkansas,Million dollars,2021,76.5439
Beef and veal,California,Million dollars,2000,107.97
Beef and veal,California,Million dollars,2001,113.7487
Beef and veal,California,Million dollars,2002,103.3384
Beef and veal,California,Million dollars,2003,132.3088
Beef and veal,California,Million dollars,2004,27.8222
Beef and veal,California,Million dollars,2005,48.6517
Beef and veal,California,Million dollars,2006,69.2026
Beef and veal,California,Million dollars,2007,93.9107
Beef and veal,California,Million dollars,2008,123.6716
Beef and veal,California,Million dollars,2009,116.4777
Beef and veal,California,Million dollars,2010,160.3328
Beef and veal,California,Million dollars,2011,228.7287
Beef and veal,California,Million dollars,2012,265.6976
Beef and veal,California,Million dollars,2013,278.792
Beef and veal,California,Million dollars,2014,326.7281
Beef and veal,California,Million dollars,2015,258.4506
Beef and veal,California,Million dollars,2016,255.2523
Beef and veal,California,Million dollars,2017,287.294
Beef and veal,California,Million dollars,2018,396.7067
Beef and veal,California,Million dollars,2019,374.6976
Beef and veal,California,Million dollars,2020,329.2543
Beef and veal,California,Million dollars,2022,492.2431
Beef and veal,California,Million dollars,2023,469.8614
Beef and veal,California,Million dollars,2021,419.1626
Beef and veal,Colorado,Million dollars,2000,226.1127
Beef and veal,Colorado,Million dollars,2001,217.4448
Beef and veal,Colorado,Million dollars,2002,235.9088
Beef and veal,Colorado,Million dollars,2003,259.3817
Beef and veal,Colorado,Million dollars,2004,54.2918
Beef and veal,Colorado,Million dollars,2005,87.678
Beef and veal,Colorado,Million dollars,2006,134.4727
Beef and veal,Colorado,Million dollars,2007,167.1194
Beef and veal,Colorado,Million dollars,2008,196.1777
Beef and veal,Colorado,Million dollars,2009,184.5767
Beef and veal,Colorado,Million dollars,2010,227.4258
Beef and veal,Colorado,Million dollars,2011,261.4401
Beef and veal,Colorado,Million dollars,2012,298.5382
Beef and veal,Colorado,Million dollars,2013,334.6557
Beef and veal,Colorado,Million dollars,2014,336.6444
Beef and veal,Colorado,Million dollars,2015,325.8435
Beef and veal,Colorado,Million dollars,2016,308.2725
Beef and veal,Colorado,Million dollars,2017,376.8815
Beef and veal,Colorado,Million dollars,2018,430.4715
Beef and veal,Colorado,Million dollars,2019,450.859
Beef and veal,Colorado,Million dollars,2020,451.9369
Beef and veal,Colorado,Million dollars,2022,602.034
Beef and veal,Colorado,Million dollars,2023,491.9983
Beef and veal,Colorado,Million dollars,2021,605.5126
Beef and veal,Connecticut,Million dollars,2000,1.0649
Beef and veal,Connecticut,Million dollars,2001,0.8442
Beef and veal,Connecticut,Million dollars,2002,0.8613
Beef and veal,Connecticut,Million dollars,2003,0.8039
Beef and veal,Connecticut,Million dollars,2004,0.1462
Beef and veal,Connecticut,Million dollars,2005,0.3344
Beef and veal,Connecticut,Million dollars,2006,0.4123
Beef and veal,Connecticut,Million dollars,2007,0.5841
Beef and veal,Connecticut,Million dollars,2008,0.5465
Beef and veal,Connecticut,Million dollars,2009,0.7003
Beef and veal,Connecticut,Million dollars,2010,0.7009
Beef and veal,Connecticut,Million dollars,2011,1.1322
Beef and veal,Connecticut,Million dollars,2012,1.3191
Beef and veal,Connecticut,Million dollars,2013,1.568
Beef and veal,Connecticut,Million dollars,2014,1.9273
Beef and veal,Connecticut,Million dollars,2015,1.6158
Beef and veal,Connecticut,Million dollars,2016,1.6398
Beef and veal,Connecticut,Million dollars,2017,1.4994
Beef and veal,Connecticut,Million dollars,2018,2.1926
Beef and veal,Connecticut,Million dollars,2019,1.4601
Beef and veal,Connecticut,Million dollars,2020,1.6504
Beef and veal,Connecticut,Million dollars,2022,2.4043
Beef and veal,Connecticut,Million dollars,2023,2.4128
Beef and veal,Connecticut,Million dollars,2021,2.2843
Beef and veal,Delaware,Million dollars,2000,0.5362
Beef and veal,Delaware,Million dollars,2001,0.6678
Beef and veal,Delaware,Million dollars,2002,0.608
Beef and veal,Delaware,Million dollars,2003,0.3305
Beef and veal,Delaware,Million dollars,2004,0.1344
Beef and veal,Delaware,Million dollars,2005,0.2065
Beef and veal,Delaware,Million dollars,2006,0.2996
Beef and veal,Delaware,Million dollars,2007,0.3766
Beef and veal,Delaware,Million dollars,2008,0.4706
Beef and veal,Delaware,Million dollars,2009,0.4103
Beef and veal,Delaware,Million dollars,2010,0.4739
Beef and veal,Delaware,Million dollars,2011,0.4496
Beef and veal,Delaware,Million dollars,2012,0.5942
Beef and veal,Delaware,Million dollars,2013,0.6848
Beef and veal,Delaware,Million dollars,2014,0.5512
Beef and veal,Delaware,Million dollars,2015,0.6723
Beef and veal,Delaware,Million dollars,2016,0.6122
Beef and veal,Delaware,Million dollars,2017,0.624
Beef and veal,Delaware,Million dollars,2018,0.9333
Beef and veal,Delaware,Million dollars,2019,0.67
Beef and veal,Delaware,Million dollars,2020,0.7847
Beef and veal,Delaware,Million dollars,2022,0.8594
Beef and veal,Delaware,Million dollars,2023,0.4569
Beef and veal,Delaware,Million dollars,2021,0.6831
Beef and veal,Florida,Million dollars,2000,32.6029
Beef and veal,Florida,Million dollars,2001,30.3941
Beef and veal,Florida,Million dollars,2002,28.0408
Beef and veal,Florida,Million dollars,2003,29.6276
Beef and veal,Florida,Million dollars,2004,7.695
Beef and veal,Florida,Million dollars,2005,14.0356
Beef and veal,Florida,Million dollars,2006,19.6842
Beef and veal,Florida,Million dollars,2007,23.6394
Beef and veal,Florida,Million dollars,2008,26.752
Beef and veal,Florida,Million dollars,2009,26.4644
Beef and veal,Florida,Million dollars,2010,39.6158
Beef and veal,Florida,Million dollars,2011,42.5701
Beef and veal,Florida,Million dollars,2012,52.8996
Beef and veal,Florida,Million dollars,2013,59.7856
Beef and veal,Florida,Million dollars,2014,76.2367
Beef and veal,Florida,Million dollars,2015,70.1305
Beef and veal,Florida,Million dollars,2016,54.5811
Beef and veal,Florida,Million dollars,2017,63.5568
Beef and veal,Florida,Million dollars,2018,63.6084
Beef and veal,Florida,Million dollars,2019,57.385
Beef and veal,Florida,Million dollars,2020,58.3493
Beef and veal,Florida,Million dollars,2022,77.3991
Beef and veal,Florida,Million dollars,2023,76.445
Beef and veal,Florida,Million dollars,2021,77.9833
Beef and veal,Georgia,Million dollars,2000,29.5559
Beef and veal,Georgia,Million dollars,2001,29.1984
Beef and veal,Georgia,Million dollars,2002,22.221
Beef and veal,Georgia,Million dollars,2003,27.9597
Beef and veal,Georgia,Million dollars,2004,6.7409
Beef and veal,Georgia,Million dollars,2005,9.9883
Beef and veal,Georgia,Million dollars,2006,12.784
Beef and veal,Georgia,Million dollars,2007,16.1063
Beef and veal,Georgia,Million dollars,2008,19.6642
Beef and veal,Georgia,Million dollars,2009,20.9214
Beef and veal,Georgia,Million dollars,2010,24.9446
Beef and veal,Georgia,Million dollars,2011,31.0211
Beef and veal,Georgia,Million dollars,2012,33.6204
Beef and veal,Georgia,Million dollars,2013,35.1352
Beef and veal,Georgia,Million dollars,2014,48.0797
Beef and veal,Georgia,Million dollars,2015,37.3395
Beef and veal,Georgia,Million dollars,2016,34.1103
Beef and veal,Georgia,Million dollars,2017,40.6405
Beef and veal,Georgia,Million dollars,2018,42.0298
Beef and veal,Georgia,Million dollars,2019,36.8543
Beef and veal,Georgia,Million dollars,2020,39.9941
Beef and veal,Georgia,Million dollars,2022,57.9983
Beef and veal,Georgia,Million dollars,2023,52.0461
Beef and veal,Georgia,Million dollars,2021,57.9812
Beef and veal,Hawaii,Million dollars,2000,1.7021
Beef and veal,Hawaii,Million dollars,2001,1.5123
Beef and veal,Hawaii,Million dollars,2002,1.5413
Beef and veal,Hawaii,Million dollars,2003,1.4619
Beef and veal,Hawaii,Million dollars,2004,0.3837
Beef and veal,Hawaii,Million dollars,2005,0.6301
Beef and veal,Hawaii,Million dollars,2006,1.0941
Beef and veal,Hawaii,Million dollars,2007,1.3789
Beef and veal,Hawaii,Million dollars,2008,1.605
Beef and veal,Hawaii,Million dollars,2009,2.0401
Beef and veal,Hawaii,Million dollars,2010,2.4586
Beef and veal,Hawaii,Million dollars,2011,4.0326
Beef and veal,Hawaii,Million dollars,2012,4.3692
Beef and veal,Hawaii,Million dollars,2013,4.646
Beef and veal,Hawaii,Million dollars,2014,5.3608
Beef and veal,Hawaii,Million dollars,2015,4.8247
Beef and veal,Hawaii,Million dollars,2016,4.271
Beef and veal,Hawaii,Million dollars,2017,4.5375
Beef and veal,Hawaii,Million dollars,2018,5.72
Beef and veal,Hawaii,Million dollars,2019,5.2276
Beef and veal,Hawaii,Million dollars,2020,5.043
Beef and veal,Hawaii,Million dollars,2022,7.1598
Beef and veal,Hawaii,Million dollars,2023,8.0005
Beef and veal,Hawaii,Million dollars,2021,6.6032
Beef and veal,Idaho,Million dollars,2000,67.0677
Beef and veal,Idaho,Million dollars,2001,76.9604
Beef and veal,Idaho,Million dollars,2002,82.1058
Beef and veal,Idaho,Million dollars,2003,91.0002
Beef and veal,Idaho,Million dollars,2004,18.1979
Beef and veal,Idaho,Million dollars,2005,29.7806
Beef and veal,Idaho,Million dollars,2006,42.2813
Beef and veal,Idaho,Million dollars,2007,58.0132
Beef and veal,Idaho,Million dollars,2008,75.5518
Beef and veal,Idaho,Million dollars,2009,68.5824
Beef and veal,Idaho,Million dollars,2010,94.8161
Beef and veal,Idaho,Million dollars,2011,119.7514
Beef and veal,Idaho,Million dollars,2012,117.2157
Beef and veal,Idaho,Million dollars,2013,170.4903
Beef and veal,Idaho,Million dollars,2014,179.3201
Beef and veal,Idaho,Million dollars,2015,158.0018
Beef and veal,Idaho,Million dollars,2016,171.238
Beef and veal,Idaho,Million dollars,2017,178.7001
Beef and veal,Idaho,Million dollars,2018,216.4245
Beef and veal,Idaho,Million dollars,2019,211.1809
Beef and veal,Idaho,Million dollars,2020,190.876
Beef and veal,Idaho,Million dollars,2022,305.8818
Beef and veal,Idaho,Million dollars,2023,256.9579
Beef and veal,Idaho,Million dollars,2021,245.2959
Beef and veal,Illinois,Million dollars,2000,47.1522
Beef and veal,Illinois,Million dollars,2001,44.3383
Beef and veal,Illinois,Million dollars,2002,42.5358
Beef and veal,Illinois,Million dollars,2003,51.8076
Beef and veal,Illinois,Million dollars,2004,8.648
Beef and veal,Illinois,Million dollars,2005,16.5336
Beef and veal,Illinois,Million dollars,2006,24.6422
Beef and veal,Illinois,Million dollars,2007,38.4775
Beef and veal,Illinois,Million dollars,2008,38.4452
Beef and veal,Illinois,Million dollars,2009,34.3916
Beef and veal,Illinois,Million dollars,2010,47.0263
Beef and veal,Illinois,Million dollars,2011,53.743
Beef and veal,Illinois,Million dollars,2012,46.1392
Beef and veal,Illinois,Million dollars,2013,55.6508
Beef and veal,Illinois,Million dollars,2014,71.1622
Beef and veal,Illinois,Million dollars,2015,55.1091
Beef and veal,Illinois,Million dollars,2016,62.4956
Beef and veal,Illinois,Million dollars,2017,84.3165
Beef and veal,Illinois,Million dollars,2018,76.0917
Beef and veal,Illinois,Million dollars,2019,99.939
Beef and veal,Illinois,Million dollars,2020,74.8174
Beef and veal,Illinois,Million dollars,2022,90.5419
Beef and veal,Illinois,Million dollars,2023,79.8938
Beef and veal,Illinois,Million dollars,2021,98.1235
Beef and veal,Indiana,Million dollars,2000,21.1473
Beef and veal,Indiana,Million dollars,2001,18.1162
Beef and veal,Indiana,Million dollars,2002,17.118
Beef and veal,Indiana,Million dollars,2003,19.087
Beef and veal,Indiana,Million dollars,2004,3.7526
Beef and veal,Indiana,Million dollars,2005,6.6104
Beef and veal,Indiana,Million dollars,2006,11.2914
Beef and veal,Indiana,Million dollars,2007,14.4857
Beef and veal,Indiana,Million dollars,2008,16.7385
Beef and veal,Indiana,Million dollars,2009,15.4082
Beef and veal,Indiana,Million dollars,2010,21.7477
Beef and veal,Indiana,Million dollars,2011,21.8536
Beef and veal,Indiana,Million dollars,2012,31.1231
Beef and veal,Indiana,Million dollars,2013,27.307
Beef and veal,Indiana,Million dollars,2014,38.4352
Beef and veal,Indiana,Million dollars,2015,34.5515
Beef and veal,Indiana,Million dollars,2016,37.85
Beef and veal,Indiana,Million dollars,2017,42.1246
Beef and veal,Indiana,Million dollars,2018,43.2374
Beef and veal,Indiana,Million dollars,2019,48.173
Beef and veal,Indiana,Million dollars,2020,40.4701
Beef and veal,Indiana,Million dollars,2022,62.4062
Beef and veal,Indiana,Million dollars,2023,58.7285
Beef and veal,Indiana,Million dollars,2021,58.1531
Beef and veal,Iowa,Million dollars,2000,169.1533
Beef and veal,Iowa,Million dollars,2001,153.1989
Beef and veal,Iowa,Million dollars,2002,152.2103
Beef and veal,Iowa,Million dollars,2003,197.6613
Beef and veal,Iowa,Million dollars,2004,35.8119
Beef and veal,Iowa,Million dollars,2005,67.769
Beef and veal,Iowa,Million dollars,2006,102.7877
Beef and veal,Iowa,Million dollars,2007,134.0843
Beef and veal,Iowa,Million dollars,2008,190.0149
Beef and veal,Iowa,Million dollars,2009,170.2918
Beef and veal,Iowa,Million dollars,2010,237.033
Beef and veal,Iowa,Million dollars,2011,289.8322
Beef and veal,Iowa,Million dollars,2012,313.0525
Beef and veal,Iowa,Million dollars,2013,353.4661
Beef and veal,Iowa,Million dollars,2014,409.8874
Beef and veal,Iowa,Million dollars,2015,356.1656
Beef and veal,Iowa,Million dollars,2016,376.8954
Beef and veal,Iowa,Million dollars,2017,443.9668
Beef and veal,Iowa,Million dollars,2018,506.9282
Beef and veal,Iowa,Million dollars,2019,492.4398
Beef and veal,Iowa,Million dollars,2020,465.9275
Beef and veal,Iowa,Million dollars,2022,722.2947
Beef and veal,Iowa,Million dollars,2023,508.7953
Beef and veal,Iowa,Million dollars,2021,594.8
Beef and veal,Kansas,Million dollars,2000,438.5118
Beef and veal,Kansas,Million dollars,2001,412.8078
Beef and veal,Kansas,Million dollars,2002,404.5221
Beef and veal,Kansas,Million dollars,2003,477.7072
Beef and veal,Kansas,Million dollars,2004,96.1143
Beef and veal,Kansas,Million dollars,2005,170.1664
Beef and veal,Kansas,Million dollars,2006,258.3774
Beef and veal,Kansas,Million dollars,2007,332.5889
Beef and veal,Kansas,Million dollars,2008,412.0396
Beef and veal,Kansas,Million dollars,2009,390.9285
Beef and veal,Kansas,Million dollars,2010,519.9935
Beef and veal,Kansas,Million dollars,2011,659.3311
Beef and veal,Kansas,Million dollars,2012,648.3739
Beef and veal,Kansas,Million dollars,2013,704.0198
Beef and veal,Kansas,Million dollars,2014,788.2198
Beef and veal,Kansas,Million dollars,2015,712.8514
Beef and veal,Kansas,Million dollars,2016,785.2689
Beef and veal,Kansas,Million dollars,2017,904.2527
Beef and veal,Kansas,Million dollars,2018,1030.6977
Beef and veal,Kansas,Million dollars,2019,1031.7654
Beef and veal,Kansas,Million dollars,2020,1005.33
Beef and veal,Kansas,Million dollars,2022,1590.1918
Beef and veal,Kansas,Million dollars,2023,1353.2315
Beef and veal,Kansas,Million dollars,2021,1424.9769
Beef and veal,Kentucky,Million dollars,2000,47.9356
Beef and veal,Kentucky,Million dollars,2001,41.9724
Beef and veal,Kentucky,Million dollars,2002,34.7659
Beef and veal,Kentucky,Million dollars,2003,46.2489
Beef and veal,Kentucky,Million dollars,2004,10.5695
Beef and veal,Kentucky,Million dollars,2005,15.8923
Beef and veal,Kentucky,Million dollars,2006,24.6367
Beef and veal,Kentucky,Million dollars,2007,31.8476
Beef and veal,Kentucky,Million dollars,2008,37.8794
Beef and veal,Kentucky,Million dollars,2009,34.2404
Beef and veal,Kentucky,Million dollars,2010,48.9722
Beef and veal,Kentucky,Million dollars,2011,54.8182
Beef and veal,Kentucky,Million dollars,2012,54.0907
Beef and veal,Kentucky,Million dollars,2013,75.5343
Beef and veal,Kentucky,Million dollars,2014,91.4404
Beef and veal,Kentucky,Million dollars,2015,74.7747
Beef and veal,Kentucky,Million dollars,2016,72.6554
Beef and veal,Kentucky,Million dollars,2017,80.9997
Beef and veal,Kentucky,Million dollars,2018,92.6922
Beef and veal,Kentucky,Million dollars,2019,89.7301
Beef and veal,Kentucky,Million dollars,2020,87.8846
Beef and veal,Kentucky,Million dollars,2022,151.484
Beef and veal,Kentucky,Million dollars,2023,124.2078
Beef and veal,Kentucky,Million dollars,2021,125.8378
Beef and veal,Louisiana,Million dollars,2000,17.1393
Beef and veal,Louisiana,Million dollars,2001,14.9442
Beef and veal,Louisiana,Million dollars,2002,13.2169
Beef and veal,Louisiana,Million dollars,2003,15.161
Beef and veal,Louisiana,Million dollars,2004,3.4994
Beef and veal,Louisiana,Million dollars,2005,6.5047
Beef and veal,Louisiana,Million dollars,2006,8.103
Beef and veal,Louisiana,Million dollars,2007,10.2059
Beef and veal,Louisiana,Million dollars,2008,12.6134
Beef and veal,Louisiana,Million dollars,2009,13.3274
Beef and veal,Louisiana,Million dollars,2010,15.4984
Beef and veal,Louisiana,Million dollars,2011,19.7954
Beef and veal,Louisiana,Million dollars,2012,22.4911
Beef and veal,Louisiana,Million dollars,2013,22.6335
Beef and veal,Louisiana,Million dollars,2014,31.1682
Beef and veal,Louisiana,Million dollars,2015,29.747
Beef and veal,Louisiana,Million dollars,2016,21.8119
Beef and veal,Louisiana,Million dollars,2017,22.9322
Beef and veal,Louisiana,Million dollars,2018,29.3962
Beef and veal,Louisiana,Million dollars,2019,24.2154
Beef and veal,Louisiana,Million dollars,2020,22.6845
Beef and veal,Louisiana,Million dollars,2022,32.2658
Beef and veal,Louisiana,Million dollars,2023,31.1268
Beef and veal,Louisiana,Million dollars,2021,29.4748
Beef and veal,Maine,Million dollars,2000,1.5383
Beef and veal,Maine,Million dollars,2001,1.427
Beef and veal,Maine,Million dollars,2002,1.4755
Beef and veal,Maine,Million dollars,2003,1.4188
Beef and veal,Maine,Million dollars,2004,0.2838
Beef and veal,Maine,Million dollars,2005,0.4581
Beef and veal,Maine,Million dollars,2006,0.7982
Beef and veal,Maine,Million dollars,2007,0.7362
Beef and veal,Maine,Million dollars,2008,0.8967
Beef and veal,Maine,Million dollars,2009,0.7689
Beef and veal,Maine,Million dollars,2010,0.8657
Beef and veal,Maine,Million dollars,2011,1.4173
Beef and veal,Maine,Million dollars,2012,1.6686
Beef and veal,Maine,Million dollars,2013,1.9393
Beef and veal,Maine,Million dollars,2014,2.4408
Beef and veal,Maine,Million dollars,2015,2.6778
Beef and veal,Maine,Million dollars,2016,1.7634
Beef and veal,Maine,Million dollars,2017,2.4964
Beef and veal,Maine,Million dollars,2018,2.5556
Beef and veal,Maine,Million dollars,2019,2.0759
Beef and veal,Maine,Million dollars,2020,2.6243
Beef and veal,Maine,Million dollars,2022,3.0519
Beef and veal,Maine,Million dollars,2023,3.2218
Beef and veal,Maine,Million dollars,2021,3.0628
Beef and veal,Maryland,Million dollars,2000,6.2562
Beef and veal,Maryland,Million dollars,2001,5.1367
Beef and veal,Maryland,Million dollars,2002,5.6788
Beef and veal,Maryland,Million dollars,2003,6.8659
Beef and veal,Maryland,Million dollars,2004,1.3212
Beef and veal,Maryland,Million dollars,2005,2.1916
Beef and veal,Maryland,Million dollars,2006,3.4561
Beef and veal,Maryland,Million dollars,2007,4.1538
Beef and veal,Maryland,Million dollars,2008,4.3472
Beef and veal,Maryland,Million dollars,2009,3.6601
Beef and veal,Maryland,Million dollars,2010,4.998
Beef and veal,Maryland,Million dollars,2011,5.6388
Beef and veal,Maryland,Million dollars,2012,9.959
Beef and veal,Maryland,Million dollars,2013,8.895
Beef and veal,Maryland,Million dollars,2014,8.8733
Beef and veal,Maryland,Million dollars,2015,7.8343
Beef and veal,Maryland,Million dollars,2016,7.9421
Beef and veal,Maryland,Million dollars,2017,6.7115
Beef and veal,Maryland,Million dollars,2018,8.5845
Beef and veal,Maryland,Million dollars,2019,11.4327
Beef and veal,Maryland,Million dollars,2020,7.7297
Beef and veal,Maryland,Million dollars,2022,12.3604
Beef and veal,Maryland,Million dollars,2023,9.0322
Beef and veal,Maryland,Million dollars,2021,12.207
Beef and veal,Massachusetts,Million dollars,2000,0.949
Beef and veal,Massachusetts,Million dollars,2001,0.5058
Beef and veal,Massachusetts,Million dollars,2002,0.5554
Beef and veal,Massachusetts,Million dollars,2003,0.6031
Beef and veal,Massachusetts,Million dollars,2004,0.1289
Beef and veal,Massachusetts,Million dollars,2005,0.2314
Beef and veal,Massachusetts,Million dollars,2006,0.4015
Beef and veal,Massachusetts,Million dollars,2007,0.3792
Beef and veal,Massachusetts,Million dollars,2008,0.543
Beef and veal,Massachusetts,Million dollars,2009,0.3475
Beef and veal,Massachusetts,Million dollars,2010,0.5286
Beef and veal,Massachusetts,Million dollars,2011,0.6153
Beef and veal,Massachusetts,Million dollars,2012,1.0239
Beef and veal,Massachusetts,Million dollars,2013,1.0815
Beef and veal,Massachusetts,Million dollars,2014,1.2963
Beef and veal,Massachusetts,Million dollars,2015,1.1185
Beef and veal,Massachusetts,Million dollars,2016,0.8866
Beef and veal,Massachusetts,Million dollars,2017,1.0013
Beef and veal,Massachusetts,Million dollars,2018,1.1807
Beef and veal,Massachusetts,Million dollars,2019,1.1806
Beef and veal,Massachusetts,Million dollars,2020,0.647
Beef and veal,Massachusetts,Million dollars,2022,1.811
Beef and veal,Massachusetts,Million dollars,2023,1.5673
Beef and veal,Massachusetts,Million dollars,2021,1.0647
Beef and veal,Michigan,Million dollars,2000,22.6795
Beef and veal,Michigan,Million dollars,2001,19.1419
Beef and veal,Michigan,Million dollars,2002,17.2062
Beef and veal,Michigan,Million dollars,2003,17.6639
Beef and veal,Michigan,Million dollars,2004,4.8145
Beef and veal,Michigan,Million dollars,2005,7.7624
Beef and veal,Michigan,Million dollars,2006,12.1867
Beef and veal,Michigan,Million dollars,2007,18.0721
Beef and veal,Michigan,Million dollars,2008,25.3841
Beef and veal,Michigan,Million dollars,2009,20.3396
Beef and veal,Michigan,Million dollars,2010,30.3567
Beef and veal,Michigan,Million dollars,2011,37.7147
Beef and veal,Michigan,Million dollars,2012,39.4374
Beef and veal,Michigan,Million dollars,2013,50.5254
Beef and veal,Michigan,Million dollars,2014,58.383
Beef and veal,Michigan,Million dollars,2015,50.3759
Beef and veal,Michigan,Million dollars,2016,52.8325
Beef and veal,Michigan,Million dollars,2017,62.4256
Beef and veal,Michigan,Million dollars,2018,67.1199
Beef and veal,Michigan,Million dollars,2019,65.2331
Beef and veal,Michigan,Million dollars,2020,61.3239
Beef and veal,Michigan,Million dollars,2022,85.6364
Beef and veal,Michigan,Million dollars,2023,82.1207
Beef and veal,Michigan,Million dollars,2021,81.2971
Beef and veal,Minnesota,Million dollars,2000,79.4652
Beef and veal,Minnesota,Million dollars,2001,78.5498
Beef and veal,Minnesota,Million dollars,2002,70.7903
Beef and veal,Minnesota,Million dollars,2003,84.1376
Beef and veal,Minnesota,Million dollars,2004,16.6669
Beef and veal,Minnesota,Million dollars,2005,28.1453
Beef and veal,Minnesota,Million dollars,2006,39.257
Beef and veal,Minnesota,Million dollars,2007,57.3645
Beef and veal,Minnesota,Million dollars,2008,72.0992
Beef and veal,Minnesota,Million dollars,2009,69.3309
Beef and veal,Minnesota,Million dollars,2010,96.0449
Beef and veal,Minnesota,Million dollars,2011,112.2961
Beef and veal,Minnesota,Million dollars,2012,122.5519
Beef and veal,Minnesota,Million dollars,2013,152.1913
Beef and veal,Minnesota,Million dollars,2014,169.8145
Beef and veal,Minnesota,Million dollars,2015,164.9415
Beef and veal,Minnesota,Million dollars,2016,182.81
Beef and veal,Minnesota,Million dollars,2017,218.3451
Beef and veal,Minnesota,Million dollars,2018,256.7663
Beef and veal,Minnesota,Million dollars,2019,218.5512
Beef and veal,Minnesota,Million dollars,2020,199.6062
Beef and veal,Minnesota,Million dollars,2022,285.0535
Beef and veal,Minnesota,Million dollars,2023,235.3521
Beef and veal,Minnesota,Million dollars,2021,238.8138
Beef and veal,Mississippi,Million dollars,2000,18.8702
Beef and veal,Mississippi,Million dollars,2001,16.5253
Beef and veal,Mississippi,Million dollars,2002,16.2411
Beef and veal,Mississippi,Million dollars,2003,17.6991
Beef and veal,Mississippi,Million dollars,2004,3.4434
Beef and veal,Mississippi,Million dollars,2005,8.3224
Beef and veal,Mississippi,Million dollars,2006,7.8089
Beef and veal,Mississippi,Million dollars,2007,9.7955
Beef and veal,Mississippi,Million dollars,2008,9.914
Beef and veal,Mississippi,Million dollars,2009,9.5612
Beef and veal,Mississippi,Million dollars,2010,14.9303
Beef and veal,Mississippi,Million dollars,2011,12.775
Beef and veal,Mississippi,Million dollars,2012,20.8009
Beef and veal,Mississippi,Million dollars,2013,19.267
Beef and veal,Mississippi,Million dollars,2014,25.9013
Beef and veal,Mississippi,Million dollars,2015,20.6917
Beef and veal,Mississippi,Million dollars,2016,21.1644
Beef and veal,Mississippi,Million dollars,2017,21.0256
Beef and veal,Mississippi,Million dollars,2018,27.7351
Beef and veal,Mississippi,Million dollars,2019,19.7724
Beef and veal,Mississippi,Million dollars,2020,22.9268
Beef and veal,Mississippi,Million dollars,2022,36.0768
Beef and veal,Mississippi,Million dollars,2023,32.7663
Beef and veal,Mississippi,Million dollars,2021,31.999
Beef and veal,Missouri,Million dollars,2000,92.5989
Beef and veal,Missouri,Million dollars,2001,77.7907
Beef and veal,Missouri,Million dollars,2002,69.0812
Beef and veal,Missouri,Million dollars,2003,102.6455
Beef and veal,Missouri,Million dollars,2004,22.6574
Beef and veal,Missouri,Million dollars,2005,39.1092
Beef and veal,Missouri,Million dollars,2006,59.8312
Beef and veal,Missouri,Million dollars,2007,74.9521
Beef and veal,Missouri,Million dollars,2008,83.5423
Beef and veal,Missouri,Million dollars,2009,87.3516
Beef and veal,Missouri,Million dollars,2010,112.5024
Beef and veal,Missouri,Million dollars,2011,137.2346
Beef and veal,Missouri,Million dollars,2012,152.579
Beef and veal,Missouri,Million dollars,2013,135.8493
Beef and veal,Missouri,Million dollars,2014,179.8696
Beef and veal,Missouri,Million dollars,2015,165.8716
Beef and veal,Missouri,Million dollars,2016,153.3088
Beef and veal,Missouri,Million dollars,2017,210.6333
Beef and veal,Missouri,Million dollars,2018,270.4601
Beef and veal,Missouri,Million dollars,2019,232.9666
Beef and veal,Missouri,Million dollars,2020,197.0589
Beef and veal,Missouri,Million dollars,2022,303.69
Beef and veal,Missouri,Million dollars,2023,309.7089
Beef and veal,Missouri,Million dollars,2021,318.2448
Beef and veal,Montana,Million dollars,2000,85.7457
Beef and veal,Montana,Million dollars,2001,81.123
Beef and veal,Montana,Million dollars,2002,73.0394
Beef and veal,Montana,Million dollars,2003,81.9755
Beef and veal,Montana,Million dollars,2004,18.4448
Beef and veal,Montana,Million dollars,2005,30.0568
Beef and veal,Montana,Million dollars,2006,43.396
Beef and veal,Montana,Million dollars,2007,50.6144
Beef and veal,Montana,Million dollars,2008,64.1089
Beef and veal,Montana,Million dollars,2009,67.0989
Beef and veal,Montana,Million dollars,2010,86.2676
Beef and veal,Montana,Million dollars,2011,105.0233
Beef and veal,Montana,Million dollars,2012,112.5045
Beef and veal,Montana,Million dollars,2013,139.3973
Beef and veal,Montana,Million dollars,2014,175.639
Beef and veal,Montana,Million dollars,2015,132.211
Beef and veal,Montana,Million dollars,2016,141.0096
Beef and veal,Montana,Million dollars,2017,163.2467
Beef and veal,Montana,Million dollars,2018,169.0143
Beef and veal,Montana,Million dollars,2019,165.7035
Beef and veal,Montana,Million dollars,2020,154.2597
Beef and veal,Montana,Million dollars,2022,218.5052
Beef and veal,Montana,Million dollars,2023,191.7088
Beef and veal,Montana,Million dollars,2021,223.6037
Beef and veal,Nebraska,Million dollars,2000,437.9254
Beef and veal,Nebraska,Million dollars,2001,425.5155
Beef and veal,Nebraska,Million dollars,2002,417.0272
Beef and veal,Nebraska,Million dollars,2003,502.0512
Beef and veal,Nebraska,Million dollars,2004,105.5317
Beef and veal,Nebraska,Million dollars,2005,183.135
Beef and veal,Nebraska,Million dollars,2006,278.6099
Beef and veal,Nebraska,Million dollars,2007,380.8894
Beef and veal,Nebraska,Million dollars,2008,466.9443
Beef and veal,Nebraska,Million dollars,2009,439.7715
Beef and veal,Nebraska,Million dollars,2010,564.5254
Beef and veal,Nebraska,Million dollars,2011,762.21
Beef and veal,Nebraska,Million dollars,2012,832.1899
Beef and veal,Nebraska,Million dollars,2013,943.227
Beef and veal,Nebraska,Million dollars,2014,1129.2743
Beef and veal,Nebraska,Million dollars,2015,1020.7256
Beef and veal,Nebraska,Million dollars,2016,1096.0044
Beef and veal,Nebraska,Million dollars,2017,1102.024
Beef and veal,Nebraska,Million dollars,2018,1324.781
Beef and veal,Nebraska,Million dollars,2019,1289.6816
Beef and veal,Nebraska,Million dollars,2020,1162.3746
Beef and veal,Nebraska,Million dollars,2022,1855.6977
Beef and veal,Nebraska,Million dollars,2023,1590.0387
Beef and veal,Nebraska,Million dollars,2021,1641.7874
Beef and veal,Nevada,Million dollars,2000,14.8683
Beef and veal,Nevada,Million dollars,2001,16.1639
Beef and veal,Nevada,Million dollars,2002,11.9821
Beef and veal,Nevada,Million dollars,2003,15.5354
Beef and veal,Nevada,Million dollars,2004,3.5957
Beef and veal,Nevada,Million dollars,2005,5.856
Beef and veal,Nevada,Million dollars,2006,8.2909
Beef and veal,Nevada,Million dollars,2007,10.5199
Beef and veal,Nevada,Million dollars,2008,12.2274
Beef and veal,Nevada,Million dollars,2009,13.5634
Beef and veal,Nevada,Million dollars,2010,17.3325
Beef and veal,Nevada,Million dollars,2011,21.8352
Beef and veal,Nevada,Million dollars,2012,24.434
Beef and veal,Nevada,Million dollars,2013,27.0599
Beef and veal,Nevada,Million dollars,2014,34.4861
Beef and veal,Nevada,Million dollars,2015,32.0933
Beef and veal,Nevada,Million dollars,2016,29.2611
Beef and veal,Nevada,Million dollars,2017,33.417
Beef and veal,Nevada,Million dollars,2018,40.5895
Beef and veal,Nevada,Million dollars,2019,38.3575
Beef and veal,Nevada,Million dollars,2020,38.2239
Beef and veal,Nevada,Million dollars,2022,51.8338
Beef and veal,Nevada,Million dollars,2023,46.3048
Beef and veal,Nevada,Million dollars,2021,53.8769
Beef and veal,New Hampshire,Million dollars,2000,0.8387
Beef and veal,New Hampshire,Million dollars,2001,0.5932
Beef and veal,New Hampshire,Million dollars,2002,0.5485
Beef and veal,New Hampshire,Million dollars,2003,0.5539
Beef and veal,New Hampshire,Million dollars,2004,0.1192
Beef and veal,New Hampshire,Million dollars,2005,0.246
Beef and veal,New Hampshire,Million dollars,2006,0.4349
Beef and veal,New Hampshire,Million dollars,2007,0.3277
Beef and veal,New Hampshire,Million dollars,2008,0.3469
Beef and veal,New Hampshire,Million dollars,2009,0.4939
Beef and veal,New Hampshire,Million dollars,2010,0.6112
Beef and veal,New Hampshire,Million dollars,2011,0.611
Beef and veal,New Hampshire,Million dollars,2012,1.0385
Beef and veal,New Hampshire,Million dollars,2013,0.8847
Beef and veal,New Hampshire,Million dollars,2014,1.3512
Beef and veal,New Hampshire,Million dollars,2015,0.7494
Beef and veal,New Hampshire,Million dollars,2016,0.924
Beef and veal,New Hampshire,Million dollars,2017,0.8391
Beef and veal,New Hampshire,Million dollars,2018,1.2088
Beef and veal,New Hampshire,Million dollars,2019,0.9907
Beef and veal,New Hampshire,Million dollars,2020,1.0366
Beef and veal,New Hampshire,Million dollars,2022,1.3495
Beef and veal,New Hampshire,Million dollars,2023,1.4343
Beef and veal,New Hampshire,Million dollars,2021,1.2356
Beef and veal,New Jersey,Million dollars,2000,0.6782
Beef and veal,New Jersey,Million dollars,2001,0.7723
Beef and veal,New Jersey,Million dollars,2002,0.5007
Beef and veal,New Jersey,Million dollars,2003,0.5929
Beef and veal,New Jersey,Million dollars,2004,0.1304
Beef and veal,New Jersey,Million dollars,2005,0.2414
Beef and veal,New Jersey,Million dollars,2006,0.4047
Beef and veal,New Jersey,Million dollars,2007,0.2804
Beef and veal,New Jersey,Million dollars,2008,0.3444
Beef and veal,New Jersey,Million dollars,2009,0.4048
Beef and veal,New Jersey,Million dollars,2010,0.5599
Beef and veal,New Jersey,Million dollars,2011,0.7691
Beef and veal,New Jersey,Million dollars,2012,0.7086
Beef and veal,New Jersey,Million dollars,2013,1.0872
Beef and veal,New Jersey,Million dollars,2014,0.8363
Beef and veal,New Jersey,Million dollars,2015,0.9313
Beef and veal,New Jersey,Million dollars,2016,0.7529
Beef and veal,New Jersey,Million dollars,2017,0.6763
Beef and veal,New Jersey,Million dollars,2018,0.7243
Beef and veal,New Jersey,Million dollars,2019,1.1129
Beef and veal,New Jersey,Million dollars,2020,1.2452
Beef and veal,New Jersey,Million dollars,2022,2.0388
Beef and veal,New Jersey,Million dollars,2023,1.7765
Beef and veal,New Jersey,Million dollars,2021,1.6183
Beef and veal,New Mexico,Million dollars,2000,81.4804
Beef and veal,New Mexico,Million dollars,2001,67.7774
Beef and veal,New Mexico,Million dollars,2002,51.4197
Beef and veal,New Mexico,Million dollars,2003,64.4506
Beef and veal,New Mexico,Million dollars,2004,16.0256
Beef and veal,New Mexico,Million dollars,2005,26.7175
Beef and veal,New Mexico,Million dollars,2006,38.3954
Beef and veal,New Mexico,Million dollars,2007,50.907
Beef and veal,New Mexico,Million dollars,2008,64.7412
Beef and veal,New Mexico,Million dollars,2009,62.13
Beef and veal,New Mexico,Million dollars,2010,83.1713
Beef and veal,New Mexico,Million dollars,2011,117.1993
Beef and veal,New Mexico,Million dollars,2012,118.7904
Beef and veal,New Mexico,Million dollars,2013,87.4263
Beef and veal,New Mexico,Million dollars,2014,95.9999
Beef and veal,New Mexico,Million dollars,2015,79.6427
Beef and veal,New Mexico,Million dollars,2016,89.4288
Beef and veal,New Mexico,Million dollars,2017,87.5581
Beef and veal,New Mexico,Million dollars,2018,116.5054
Beef and veal,New Mexico,Million dollars,2019,121.4583
Beef and veal,New Mexico,Million dollars,2020,116.2766
Beef and veal,New Mexico,Million dollars,2022,158.7917
Beef and veal,New Mexico,Million dollars,2023,169.1572
Beef and veal,New Mexico,Million dollars,2021,152.6343
Beef and veal,New York,Million dollars,2000,15.2975
Beef and veal,New York,Million dollars,2001,12.7265
Beef and veal,New York,Million dollars,2002,9.0418
Beef and veal,New York,Million dollars,2003,10.2641
Beef and veal,New York,Million dollars,2004,2.1684
Beef and veal,New York,Million dollars,2005,4.845
Beef and veal,New York,Million dollars,2006,6.1736
Beef and veal,New York,Million dollars,2007,5.5182
Beef and veal,New York,Million dollars,2008,10.083
Beef and veal,New York,Million dollars,2009,8.4908
Beef and veal,New York,Million dollars,2010,14.2198
Beef and veal,New York,Million dollars,2011,22.1842
Beef and veal,New York,Million dollars,2012,27.0938
Beef and veal,New York,Million dollars,2013,25.5068
Beef and veal,New York,Million dollars,2014,36.4242
Beef and veal,New York,Million dollars,2015,30.3973
Beef and veal,New York,Million dollars,2016,26.9985
Beef and veal,New York,Million dollars,2017,36.0043
Beef and veal,New York,Million dollars,2018,42.2655
Beef and veal,New York,Million dollars,2019,32.5544
Beef and veal,New York,Million dollars,2020,35.1025
Beef and veal,New York,Million dollars,2022,48.7948
Beef and veal,New York,Million dollars,2023,42.2532
Beef and veal,New York,Million dollars,2021,47.1146
Beef and veal,North Carolina,Million dollars,2000,20.5325
Beef and veal,North Carolina,Million dollars,2001,19.1243
Beef and veal,North Carolina,Million dollars,2002,18.8245
Beef and veal,North Carolina,Million dollars,2003,18.7067
Beef and veal,North Carolina,Million dollars,2004,4.4017
Beef and veal,North Carolina,Million dollars,2005,6.9623
Beef and veal,North Carolina,Million dollars,2006,9.2574
Beef and veal,North Carolina,Million dollars,2007,11.3412
Beef and veal,North Carolina,Million dollars,2008,13.0667
Beef and veal,North Carolina,Million dollars,2009,15.0697
Beef and veal,North Carolina,Million dollars,2010,18.4614
Beef and veal,North Carolina,Million dollars,2011,24.7806
Beef and veal,North Carolina,Million dollars,2012,26.0796
Beef and veal,North Carolina,Million dollars,2013,28.9389
Beef and veal,North Carolina,Million dollars,2014,37.8781
Beef and veal,North Carolina,Million dollars,2015,33.0439
Beef and veal,North Carolina,Million dollars,2016,25.494
Beef and veal,North Carolina,Million dollars,2017,33.3711
Beef and veal,North Carolina,Million dollars,2018,31.0713
Beef and veal,North Carolina,Million dollars,2019,26.2517
Beef and veal,North Carolina,Million dollars,2020,28.4584
Beef and veal,North Carolina,Million dollars,2022,42.3696
Beef and veal,North Carolina,Million dollars,2023,32.2426
Beef and veal,North Carolina,Million dollars,2021,38.0707
Beef and veal,North Dakota,Million dollars,2000,41.3361
Beef and veal,North Dakota,Million dollars,2001,49.1914
Beef and veal,North Dakota,Million dollars,2002,51.4858
Beef and veal,North Dakota,Million dollars,2003,58.7521
Beef and veal,North Dakota,Million dollars,2004,12.5846
Beef and veal,North Dakota,Million dollars,2005,22.33
Beef and veal,North Dakota,Million dollars,2006,29.811
Beef and veal,North Dakota,Million dollars,2007,40.8299
Beef and veal,North Dakota,Million dollars,2008,46.3184
Beef and veal,North Dakota,Million dollars,2009,42.93
Beef and veal,North Dakota,Million dollars,2010,58.1343
Beef and veal,North Dakota,Million dollars,2011,78.46
Beef and veal,North Dakota,Million dollars,2012,72.9936
Beef and veal,North Dakota,Million dollars,2013,95.4618
Beef and veal,North Dakota,Million dollars,2014,117.2315
Beef and veal,North Dakota,Million dollars,2015,86.2087
Beef and veal,North Dakota,Million dollars,2016,87.5322
Beef and veal,North Dakota,Million dollars,2017,110.5177
Beef and veal,North Dakota,Million dollars,2018,129.3506
Beef and veal,North Dakota,Million dollars,2019,120.2516
Beef and veal,North Dakota,Million dollars,2020,108.1975
Beef and veal,North Dakota,Million dollars,2022,172.1883
Beef and veal,North Dakota,Million dollars,2023,145.5791
Beef and veal,North Dakota,Million dollars,2021,166.1217
Beef and veal,Ohio,Million dollars,2000,27.6774
Beef and veal,Ohio,Million dollars,2001,26.2338
Beef and veal,Ohio,Million dollars,2002,24.5411
Beef and veal,Ohio,Million dollars,2003,27.7594
Beef and veal,Ohio,Million dollars,2004,5.1358
Beef and veal,Ohio,Million dollars,2005,10.5883
Beef and veal,Ohio,Million dollars,2006,17.0114
Beef and veal,Ohio,Million dollars,2007,19.0143
Beef and veal,Ohio,Million dollars,2008,23.4707
Beef and veal,Ohio,Million dollars,2009,24.5755
Beef and veal,Ohio,Million dollars,2010,33.0569
Beef and veal,Ohio,Million dollars,2011,36.185
Beef and veal,Ohio,Million dollars,2012,47.8665
Beef and veal,Ohio,Million dollars,2013,45.4079
Beef and veal,Ohio,Million dollars,2014,57.5134
Beef and veal,Ohio,Million dollars,2015,57.0305
Beef and veal,Ohio,Million dollars,2016,54.5903
Beef and veal,Ohio,Million dollars,2017,65.5024
Beef and veal,Ohio,Million dollars,2018,71.5911
Beef and veal,Ohio,Million dollars,2019,76.2222
Beef and veal,Ohio,Million dollars,2020,71.6448
Beef and veal,Ohio,Million dollars,2022,118.5817
Beef and veal,Ohio,Million dollars,2023,89.5489
Beef and veal,Ohio,Million dollars,2021,82.4885
Beef and veal,Oklahoma,Million dollars,2000,203.6899
Beef and veal,Oklahoma,Million dollars,2001,156.6315
Beef and veal,Oklahoma,Million dollars,2002,158.5988
Beef and veal,Oklahoma,Million dollars,2003,201.9466
Beef and veal,Oklahoma,Million dollars,2004,40.7434
Beef and veal,Oklahoma,Million dollars,2005,75.379
Beef and veal,Oklahoma,Million dollars,2006,113.8033
Beef and veal,Oklahoma,Million dollars,2007,131.353
Beef and veal,Oklahoma,Million dollars,2008,158.0772
Beef and veal,Oklahoma,Million dollars,2009,162.673
Beef and veal,Oklahoma,Million dollars,2010,230.5547
Beef and veal,Oklahoma,Million dollars,2011,337.6078
Beef and veal,Oklahoma,Million dollars,2012,290.0952
Beef and veal,Oklahoma,Million dollars,2013,302.1145
Beef and veal,Oklahoma,Million dollars,2014,351.5353
Beef and veal,Oklahoma,Million dollars,2015,313.2415
Beef and veal,Oklahoma,Million dollars,2016,307.6351
Beef and veal,Oklahoma,Million dollars,2017,373.9886
Beef and veal,Oklahoma,Million dollars,2018,411.7481
Beef and veal,Oklahoma,Million dollars,2019,401.6594
Beef and veal,Oklahoma,Million dollars,2020,348.3427
Beef and veal,Oklahoma,Million dollars,2022,620.9118
Beef and veal,Oklahoma,Million dollars,2023,432.775
Beef and veal,Oklahoma,Million dollars,2021,494.9778
Beef and veal,Oregon,Million dollars,2000,42.79
Beef and veal,Oregon,Million dollars,2001,34.2507
Beef and veal,Oregon,Million dollars,2002,34.6272
Beef and veal,Oregon,Million dollars,2003,32.4712
Beef and veal,Oregon,Million dollars,2004,8.6666
Beef and veal,Oregon,Million dollars,2005,14.7606
Beef and veal,Oregon,Million dollars,2006,23.1105
Beef and veal,Oregon,Million dollars,2007,21.5442
Beef and veal,Oregon,Million dollars,2008,33.1296
Beef and veal,Oregon,Million dollars,2009,31.0737
Beef and veal,Oregon,Million dollars,2010,34.2358
Beef and veal,Oregon,Million dollars,2011,58.8483
Beef and veal,Oregon,Million dollars,2012,62.6348
Beef and veal,Oregon,Million dollars,2013,69.9065
Beef and veal,Oregon,Million dollars,2014,85.7758
Beef and veal,Oregon,Million dollars,2015,79.454
Beef and veal,Oregon,Million dollars,2016,77.8664
Beef and veal,Oregon,Million dollars,2017,89.6259
Beef and veal,Oregon,Million dollars,2018,88.8172
Beef and veal,Oregon,Million dollars,2019,90.1143
Beef and veal,Oregon,Million dollars,2020,86.1325
Beef and veal,Oregon,Million dollars,2022,137.3057
Beef and veal,Oregon,Million dollars,2023,126.4015
Beef and veal,Oregon,Million dollars,2021,124.1925
Beef and veal,Pennsylvania,Million dollars,2000,34.9299
Beef and veal,Pennsylvania,Million dollars,2001,35.1217
Beef and veal,Pennsylvania,Million dollars,2002,33.0002
Beef and veal,Pennsylvania,Million dollars,2003,37.6659
Beef and veal,Pennsylvania,Million dollars,2004,7.9315
Beef and veal,Pennsylvania,Million dollars,2005,13.2005
Beef and veal,Pennsylvania,Million dollars,2006,19.2899
Beef and veal,Pennsylvania,Million dollars,2007,24.3334
Beef and veal,Pennsylvania,Million dollars,2008,32.5344
Beef and veal,Pennsylvania,Million dollars,2009,29.2178
Beef and veal,Pennsylvania,Million dollars,2010,37.1784
Beef and veal,Pennsylvania,Million dollars,2011,50.9273
Beef and veal,Pennsylvania,Million dollars,2012,57.9111
Beef and veal,Pennsylvania,Million dollars,2013,63.3937
Beef and veal,Pennsylvania,Million dollars,2014,79.4523
Beef and veal,Pennsylvania,Million dollars,2015,59.1143
Beef and veal,Pennsylvania,Million dollars,2016,54.4363
Beef and veal,Pennsylvania,Million dollars,2017,67.9822
Beef and veal,Pennsylvania,Million dollars,2018,74.5823
Beef and veal,Pennsylvania,Million dollars,2019,78.9699
Beef and veal,Pennsylvania,Million dollars,2020,69.4085
Beef and veal,Pennsylvania,Million dollars,2022,95.9422
Beef and veal,Pennsylvania,Million dollars,2023,82.8081
Beef and veal,Pennsylvania,Million dollars,2021,93.4999
Beef and veal,Rhode Island,Million dollars,2000,0.0753
Beef and veal,Rhode Island,Million dollars,2001,0.0889
Beef and veal,Rhode Island,Million dollars,2002,0.0626
Beef and veal,Rhode Island,Million dollars,2003,0.0815
Beef and veal,Rhode Island,Million dollars,2004,0.016
Beef and veal,Rhode Island,Million dollars,2005,0.0356
Beef and veal,Rhode Island,Million dollars,2006,0.0408
Beef and veal,Rhode Island,Million dollars,2007,0.0448
Beef and veal,Rhode Island,Million dollars,2008,0.052
Beef and veal,Rhode Island,Million dollars,2009,0.055
Beef and veal,Rhode Island,Million dollars,2010,0.049
Beef and veal,Rhode Island,Million dollars,2011,0.1061
Beef and veal,Rhode Island,Million dollars,2012,0.1035
Beef and veal,Rhode Island,Million dollars,2013,0.1034
Beef and veal,Rhode Island,Million dollars,2014,0.1734
Beef and veal,Rhode Island,Million dollars,2015,0.1439
Beef and veal,Rhode Island,Million dollars,2016,0.1836
Beef and veal,Rhode Island,Million dollars,2017,0.0626
Beef and veal,Rhode Island,Million dollars,2018,0.1266
Beef and veal,Rhode Island,Million dollars,2019,0.0808
Beef and veal,Rhode Island,Million dollars,2020,0.1506
Beef and veal,Rhode Island,Million dollars,2022,0.1031
Beef and veal,Rhode Island,Million dollars,2023,0.0914
Beef and veal,Rhode Island,Million dollars,2021,0.072
Beef and veal,South Carolina,Million dollars,2000,11.5493
Beef and veal,South Carolina,Million dollars,2001,10.8265
Beef and veal,South Carolina,Million dollars,2002,8.8177
Beef and veal,South Carolina,Million dollars,2003,10.2344
Beef and veal,South Carolina,Million dollars,2004,2.4779
Beef and veal,South Carolina,Million dollars,2005,4.7276
Beef and veal,South Carolina,Million dollars,2006,5.8309
Beef and veal,South Carolina,Million dollars,2007,7.0241
Beef and veal,South Carolina,Million dollars,2008,8.347
Beef and veal,South Carolina,Million dollars,2009,7.8286
Beef and veal,South Carolina,Million dollars,2010,9.9358
Beef and veal,South Carolina,Million dollars,2011,15.1559
Beef and veal,South Carolina,Million dollars,2012,14.7025
Beef and veal,South Carolina,Million dollars,2013,12.195
Beef and veal,South Carolina,Million dollars,2014,17.8961
Beef and veal,South Carolina,Million dollars,2015,13.8423
Beef and veal,South Carolina,Million dollars,2016,13.1675
Beef and veal,South Carolina,Million dollars,2017,14.5114
Beef and veal,South Carolina,Million dollars,2018,14.9091
Beef and veal,South Carolina,Million dollars,2019,14.9378
Beef and veal,South Carolina,Million dollars,2020,14.791
Beef and veal,South Carolina,Million dollars,2022,19.319
Beef and veal,South Carolina,Million dollars,2023,20.3135
Beef and veal,South Carolina,Million dollars,2021,19.8662
Beef and veal,South Dakota,Million dollars,2000,125.0212
Beef and veal,South Dakota,Million dollars,2001,131.5904
Beef and veal,South Dakota,Million dollars,2002,125.6693
Beef and veal,South Dakota,Million dollars,2003,127.6322
Beef and veal,South Dakota,Million dollars,2004,28.2732
Beef and veal,South Dakota,Million dollars,2005,51.3005
Beef and veal,South Dakota,Million dollars,2006,77.1414
Beef and veal,South Dakota,Million dollars,2007,94.3495
Beef and veal,South Dakota,Million dollars,2008,113.0006
Beef and veal,South Dakota,Million dollars,2009,106.3068
Beef and veal,South Dakota,Million dollars,2010,163.3408
Beef and veal,South Dakota,Million dollars,2011,193.4809
Beef and veal,South Dakota,Million dollars,2012,186.4594
Beef and veal,South Dakota,Million dollars,2013,236.3877
Beef and veal,South Dakota,Million dollars,2014,279.7034
Beef and veal,South Dakota,Million dollars,2015,217.0701
Beef and veal,South Dakota,Million dollars,2016,242.7822
Beef and veal,South Dakota,Million dollars,2017,284.332
Beef and veal,South Dakota,Million dollars,2018,344.055
Beef and veal,South Dakota,Million dollars,2019,323.6958
Beef and veal,South Dakota,Million dollars,2020,280.129
Beef and veal,South Dakota,Million dollars,2022,460.703
Beef and veal,South Dakota,Million dollars,2023,365.643
Beef and veal,South Dakota,Million dollars,2021,425.9425
Beef and veal,Tennessee,Million dollars,2000,36.8795
Beef and veal,Tennessee,Million dollars,2001,34.3964
Beef and veal,Tennessee,Million dollars,2002,29.1623
Beef and veal,Tennessee,Million dollars,2003,40.797
Beef and veal,Tennessee,Million dollars,2004,9.1652
Beef and veal,Tennessee,Million dollars,2005,14.3216
Beef and veal,Tennessee,Million dollars,2006,20.8574
Beef and veal,Tennessee,Million dollars,2007,32.7456
Beef and veal,Tennessee,Million dollars,2008,35.227
Beef and veal,Tennessee,Million dollars,2009,30.1928
Beef and veal,Tennessee,Million dollars,2010,43.3535
Beef and veal,Tennessee,Million dollars,2011,51.14
Beef and veal,Tennessee,Million dollars,2012,62.172
Beef and veal,Tennessee,Million dollars,2013,57.2484
Beef and veal,Tennessee,Million dollars,2014,72.482
Beef and veal,Tennessee,Million dollars,2015,55.9244
Beef and veal,Tennessee,Million dollars,2016,53.648
Beef and veal,Tennessee,Million dollars,2017,62.2194
Beef and veal,Tennessee,Million dollars,2018,68.7882
Beef and veal,Tennessee,Million dollars,2019,59.6309
Beef and veal,Tennessee,Million dollars,2020,62.2722
Beef and veal,Tennessee,Million dollars,2022,92.0947
Beef and veal,Tennessee,Million dollars,2023,86.4821
Beef and veal,Tennessee,Million dollars,2021,84.2752
Beef and veal,Texas,Million dollars,2000,604.0159
Beef and veal,Texas,Million dollars,2001,572.1001
Beef and veal,Texas,Million dollars,2002,493.0695
Beef and veal,Texas,Million dollars,2003,669.4129
Beef and veal,Texas,Million dollars,2004,136.9407
Beef and veal,Texas,Million dollars,2005,205.1916
Beef and veal,Texas,Million dollars,2006,303.0351
Beef and veal,Texas,Million dollars,2007,401.6686
Beef and veal,Texas,Million dollars,2008,477.4446
Beef and veal,Texas,Million dollars,2009,489.0483
Beef and veal,Texas,Million dollars,2010,608.6693
Beef and veal,Texas,Million dollars,2011,961.0063
Beef and veal,Texas,Million dollars,2012,823.7573
Beef and veal,Texas,Million dollars,2013,923.9813
Beef and veal,Texas,Million dollars,2014,967.362
Beef and veal,Texas,Million dollars,2015,924.1869
Beef and veal,Texas,Million dollars,2016,845.6033
Beef and veal,Texas,Million dollars,2017,965.6442
Beef and veal,Texas,Million dollars,2018,1053.9772
Beef and veal,Texas,Million dollars,2019,1035.6566
Beef and veal,Texas,Million dollars,2020,1060.7949
Beef and veal,Texas,Million dollars,2022,1568.0464
Beef and veal,Texas,Million dollars,2023,1319.321
Beef and veal,Texas,Million dollars,2021,1453.7226
Beef and veal,Utah,Million dollars,2000,31.104
Beef and veal,Utah,Million dollars,2001,31.4476
Beef and veal,Utah,Million dollars,2002,29.9987
Beef and veal,Utah,Million dollars,2003,34.0888
Beef and veal,Utah,Million dollars,2004,7.3433
Beef and veal,Utah,Million dollars,2005,13.5982
Beef and veal,Utah,Million dollars,2006,13.6915
Beef and veal,Utah,Million dollars,2007,14.9133
Beef and veal,Utah,Million dollars,2008,19.9767
Beef and veal,Utah,Million dollars,2009,16.735
Beef and veal,Utah,Million dollars,2010,22.0046
Beef and veal,Utah,Million dollars,2011,27.855
Beef and veal,Utah,Million dollars,2012,31.9645
Beef and veal,Utah,Million dollars,2013,50.7508
Beef and veal,Utah,Million dollars,2014,70.2815
Beef and veal,Utah,Million dollars,2015,50.651
Beef and veal,Utah,Million dollars,2016,49.1907
Beef and veal,Utah,Million dollars,2017,54.1803
Beef and veal,Utah,Million dollars,2018,55.9752
Beef and veal,Utah,Million dollars,2019,59.8037
Beef and veal,Utah,Million dollars,2020,55.0023
Beef and veal,Utah,Million dollars,2022,88.5105
Beef and veal,Utah,Million dollars,2023,67.3377
Beef and veal,Utah,Million dollars,2021,72.2455
Beef and veal,Vermont,Million dollars,2000,4.5648
Beef and veal,Vermont,Million dollars,2001,4.9168
Beef and veal,Vermont,Million dollars,2002,3.6579
Beef and veal,Vermont,Million dollars,2003,3.9023
Beef and veal,Vermont,Million dollars,2004,0.8215
Beef and veal,Vermont,Million dollars,2005,1.3938
Beef and veal,Vermont,Million dollars,2006,1.9794
Beef and veal,Vermont,Million dollars,2007,2.5132
Beef and veal,Vermont,Million dollars,2008,3.1949
Beef and veal,Vermont,Million dollars,2009,2.9084
Beef and veal,Vermont,Million dollars,2010,3.3357
Beef and veal,Vermont,Million dollars,2011,6.1793
Beef and veal,Vermont,Million dollars,2012,5.6053
Beef and veal,Vermont,Million dollars,2013,7.153
Beef and veal,Vermont,Million dollars,2014,7.3391
Beef and veal,Vermont,Million dollars,2015,7.1552
Beef and veal,Vermont,Million dollars,2016,5.8958
Beef and veal,Vermont,Million dollars,2017,6.5464
Beef and veal,Vermont,Million dollars,2018,8.1713
Beef and veal,Vermont,Million dollars,2019,8.3254
Beef and veal,Vermont,Million dollars,2020,8.5443
Beef and veal,Vermont,Million dollars,2022,10.8139
Beef and veal,Vermont,Million dollars,2023,11.199
Beef and veal,Vermont,Million dollars,2021,9.5185
Beef and veal,Virginia,Million dollars,2000,27.4262
Beef and veal,Virginia,Million dollars,2001,29.3727
Beef and veal,Virginia,Million dollars,2002,27.1088
Beef and veal,Virginia,Million dollars,2003,28.8494
Beef and veal,Virginia,Million dollars,2004,5.41
Beef and veal,Virginia,Million dollars,2005,11.4209
Beef and veal,Virginia,Million dollars,2006,17.3622
Beef and veal,Virginia,Million dollars,2007,21.9339
Beef and veal,Virginia,Million dollars,2008,26.0684
Beef and veal,Virginia,Million dollars,2009,20.287
Beef and veal,Virginia,Million dollars,2010,29.7661
Beef and veal,Virginia,Million dollars,2011,39.4963
Beef and veal,Virginia,Million dollars,2012,34.4658
Beef and veal,Virginia,Million dollars,2013,51.8569
Beef and veal,Virginia,Million dollars,2014,62.7327
Beef and veal,Virginia,Million dollars,2015,52.6592
Beef and veal,Virginia,Million dollars,2016,41.505
Beef and veal,Virginia,Million dollars,2017,50.8858
Beef and veal,Virginia,Million dollars,2018,51.7138
Beef and veal,Virginia,Million dollars,2019,41.8889
Beef and veal,Virginia,Million dollars,2020,45.2582
Beef and veal,Virginia,Million dollars,2022,66.4804
Beef and veal,Virginia,Million dollars,2023,51.7062
Beef and veal,Virginia,Million dollars,2021,55.1525
Beef and veal,Washington,Million dollars,2000,67.5711
Beef and veal,Washington,Million dollars,2001,54.944
Beef and veal,Washington,Million dollars,2002,51.6712
Beef and veal,Washington,Million dollars,2003,47.697
Beef and veal,Washington,Million dollars,2004,9.2545
Beef and veal,Washington,Million dollars,2005,19.4648
Beef and veal,Washington,Million dollars,2006,26.8567
Beef and veal,Washington,Million dollars,2007,38.1376
Beef and veal,Washington,Million dollars,2008,39.9142
Beef and veal,Washington,Million dollars,2009,42.0789
Beef and veal,Washington,Million dollars,2010,52.0236
Beef and veal,Washington,Million dollars,2011,59.1776
Beef and veal,Washington,Million dollars,2012,65.6066
Beef and veal,Washington,Million dollars,2013,80.4605
Beef and veal,Washington,Million dollars,2014,83.2578
Beef and veal,Washington,Million dollars,2015,81.891
Beef and veal,Washington,Million dollars,2016,82.9007
Beef and veal,Washington,Million dollars,2017,83.0135
Beef and veal,Washington,Million dollars,2018,93.1239
Beef and veal,Washington,Million dollars,2019,104.4169
Beef and veal,Washington,Million dollars,2020,128.5351
Beef and veal,Washington,Million dollars,2022,206.1885
Beef and veal,Washington,Million dollars,2023,208.7584
Beef and veal,Washington,Million dollars,2021,175.9712
Beef and veal,West Virginia,Million dollars,2000,8.3537
Beef and veal,West Virginia,Million dollars,2001,7.2005
Beef and veal,West Virginia,Million dollars,2002,7.0866
Beef and veal,West Virginia,Million dollars,2003,7.6096
Beef and veal,West Virginia,Million dollars,2004,1.4882
Beef and veal,West Virginia,Million dollars,2005,3.1792
Beef and veal,West Virginia,Million dollars,2006,4.6875
Beef and veal,West Virginia,Million dollars,2007,6.0723
Beef and veal,West Virginia,Million dollars,2008,7.6229
Beef and veal,West Virginia,Million dollars,2009,9.4046
Beef and veal,West Virginia,Million dollars,2010,9.2773
Beef and veal,West Virginia,Million dollars,2011,11.9768
Beef and veal,West Virginia,Million dollars,2012,14.3819
Beef and veal,West Virginia,Million dollars,2013,18.6541
Beef and veal,West Virginia,Million dollars,2014,22.318
Beef and veal,West Virginia,Million dollars,2015,17.0128
Beef and veal,West Virginia,Million dollars,2016,16.9687
Beef and veal,West Virginia,Million dollars,2017,21.0829
Beef and veal,West Virginia,Million dollars,2018,22.1523
Beef and veal,West Virginia,Million dollars,2019,19.5841
Beef and veal,West Virginia,Million dollars,2020,20.9184
Beef and veal,West Virginia,Million dollars,2022,26.9752
Beef and veal,West Virginia,Million dollars,2023,25.5065
Beef and veal,West Virginia,Million dollars,2021,25.4731
Beef and veal,Wisconsin,Million dollars,2000,62.1261
Beef and veal,Wisconsin,Million dollars,2001,59.3789
Beef and veal,Wisconsin,Million dollars,2002,52.7845
Beef and veal,Wisconsin,Million dollars,2003,60.4898
Beef and veal,Wisconsin,Million dollars,2004,13.848
Beef and veal,Wisconsin,Million dollars,2005,24.8357
Beef and veal,Wisconsin,Million dollars,2006,37.7178
Beef and veal,Wisconsin,Million dollars,2007,45.0607
Beef and veal,Wisconsin,Million dollars,2008,54.1072
Beef and veal,Wisconsin,Million dollars,2009,51.2463
Beef and veal,Wisconsin,Million dollars,2010,68.2698
Beef and veal,Wisconsin,Million dollars,2011,107.3109
Beef and veal,Wisconsin,Million dollars,2012,105.2954
Beef and veal,Wisconsin,Million dollars,2013,142.9426
Beef and veal,Wisconsin,Million dollars,2014,164.1784
Beef and veal,Wisconsin,Million dollars,2015,171.6389
Beef and veal,Wisconsin,Million dollars,2016,163.7097
Beef and veal,Wisconsin,Million dollars,2017,200.2973
Beef and veal,Wisconsin,Million dollars,2018,218.2492
Beef and veal,Wisconsin,Million dollars,2019,199.7875
Beef and veal,Wisconsin,Million dollars,2020,187.3377
Beef and veal,Wisconsin,Million dollars,2022,308.124
Beef and veal,Wisconsin,Million dollars,2023,285.0725
Beef and veal,Wisconsin,Million dollars,2021,242.9473
Beef and veal,Wyoming,Million dollars,2000,63.9632
Beef and veal,Wyoming,Million dollars,2001,63.6718
Beef and veal,Wyoming,Million dollars,2002,56.8023
Beef and veal,Wyoming,Million dollars,2003,55.0425
Beef and veal,Wyoming,Million dollars,2004,13.8878
Beef and veal,Wyoming,Million dollars,2005,19.6422
Beef and veal,Wyoming,Million dollars,2006,30.7269
Beef and veal,Wyoming,Million dollars,2007,37.6505
Beef and veal,Wyoming,Million dollars,2008,39.6035
Beef and veal,Wyoming,Million dollars,2009,43.7006
Beef and veal,Wyoming,Million dollars,2010,58.3753
Beef and veal,Wyoming,Million dollars,2011,75.1234
Beef and veal,Wyoming,Million dollars,2012,82.352
Beef and veal,Wyoming,Million dollars,2013,96.7257
Beef and veal,Wyoming,Million dollars,2014,105.6878
Beef and veal,Wyoming,Million dollars,2015,85.2848
Beef and veal,Wyoming,Million dollars,2016,86.6035
Beef and veal,Wyoming,Million dollars,2017,98.0653
Beef and veal,Wyoming,Million dollars,2018,117.353
Beef and veal,Wyoming,Million dollars,2019,108.6002
Beef and veal,Wyoming,Million dollars,2020,107.0882
Beef and veal,Wyoming,Million dollars,2022,145.5892
Beef and veal,Wyoming,Million dollars,2023,126.6605
Beef and veal,Wyoming,Million dollars,2021,142.3922
